review,label
"This movie was really, really bad and I honestly regret spending my time watching it. The storyline was weak and unengaging.",1
"It was very interesting, and I enjoyed it a lot. The plot twists kept me guessing, and the performances were truly captivating.",0
"I would not recommend this movie to anyone. The acting was terrible, and the pacing made it hard to sit through.",1
"The plot was fantastic and the acting was superb, making it a thoroughly enjoyable experience from start to finish.",0
"It was a waste of time; very disappointing to see such potential go nowhere with poor execution and dull characters.",1
"An amazing movie with a great storyline. I loved every part of it, from the beginning to the emotional ending.",0
"The story lacked depth and was incredibly boring, with predictable twists and unlikable characters throughout.",1
"Great film! It was well-directed, entertaining, and brought out emotions I didn’t expect. A wonderful watch.",0
"Terrible acting combined with a predictable storyline made this movie a complete letdown.",1
"One of the best movies I have seen this year. The direction, story, and music were all exceptional.",0
"Completely awful, I couldn’t even finish it. Every scene was painful to watch and the characters felt lifeless.",1
"Highly recommended for fans of the genre. It brought a fresh take, and I found myself thinking about it long after.",0
"The movie was very slow and uninteresting, with scenes that seemed to drag on for no reason.",1
"It was a heartwarming and beautiful story that resonated with me deeply. The performances were top-notch.",0
"Such a terrible script. It made no sense at all, with characters making the worst decisions possible.",1
"Full of action and thrilling scenes that kept me on the edge of my seat the entire time.",0
"The movie was poorly executed, with bad dialogue and even worse acting. I couldn’t wait for it to end.",1
"Excellent performances by the lead actors brought the story to life, making it a memorable film.",0
"The dialogue was cringeworthy and forced, and it felt like they just didn’t care about making a quality movie.",1
"A true masterpiece with outstanding cinematography. I loved every minute and would watch it again.",0
"Nothing special, very forgettable. I can barely remember the plot or the characters.",1
"Surprisingly good! It exceeded my expectations with its clever story and emotional depth.",0
"I couldn’t stand the characters; they were so annoying and shallow. I was glad when it finally ended.",1
"The visuals were stunning, and it’s clear a lot of work went into the production design.",0
"Not worth the watch. Very disappointing with a weak story and lackluster direction.",1
"It had a beautiful storyline with a great ending that brought everything together nicely.",0
"Just terrible, don’t waste your time on this one. I was frustrated watching it go nowhere.",1
"Well-written and brilliantly directed. This is a movie that truly stands out.",0
"The movie was okay but a bit slow. Some scenes felt unnecessarily drawn out.",1
"Full of humor and very enjoyable. The characters were charming, and the story was engaging.",0
"The worst movie I’ve seen in years. I didn’t care about any of the characters.",1
"Such a compelling plot; I was captivated by the story and couldn’t look away.",0
"Bad cinematography and poor editing made this a chore to sit through. It felt like a low-budget production.",1
"Funny and uplifting, a real feel-good movie that I’ll definitely recommend to others.",0
"The main character was irritating, and it was hard to sympathize with their decisions.",1
"One of the most moving films I've ever seen, it touched my heart in so many ways.",0
"Boring from start to finish. I couldn’t wait for it to end; every scene felt pointless.",1
"Beautifully shot with a touching story that stayed with me long after the credits rolled.",0
"The pacing was all over the place, and I couldn’t get invested in what was happening.",1
"Simply amazing! The direction, acting, and story all came together beautifully. I’d watch it again in a heartbeat.",0
